{
  "token_acc": 0.997952498,
  "token_p": 0.9844389844,
  "token_r": 0.9896058454,
  "token_f": 0.9870156531,
  "pos_acc": 0.9737221764,
  "morph_acc": 0.9648987166,
  "morph_micro_p": 0.9868073879,
  "morph_micro_r": 0.9797733642,
  "morph_micro_f": 0.9832777965,
  "morph_per_feat": {
    "Definite": {
      "p": 0.9890430972,
      "r": 0.9883211679,
      "f": 0.9886820007
    },
    "Number": {
      "p": 0.9927751019,
      "r": 0.9865611193,
      "f": 0.9896583564
    },
    "PronType": {
      "p": 0.9954954955,
      "r": 0.9897632758,
      "f": 0.99262111
    },
    "Gender": {
      "p": 0.9822164948,
      "r": 0.9739330437,
      "f": 0.9780572308
    },
    "Mood": {
      "p": 0.9712230216,
      "r": 0.9591474245,
      "f": 0.9651474531
    },
    "Person": {
      "p": 0.9897959184,
      "r": 0.9761006289,
      "f": 0.98290057
    },
    "Tense": {
      "p": 0.9691358025,
      "r": 0.962206333,
      "f": 0.9656586366
    },
    "VerbForm": {
      "p": 0.9849498328,
      "r": 0.9751655629,
      "f": 0.9800332779
    },
    "NumType": {
      "p": 1.0,
      "r": 0.9658703072,
      "f": 0.9826388889
    },
    "Reflex": {
      "p": 0.9777777778,
      "r": 1.0,
      "f": 0.9887640449
    },
    "Voice": {
      "p": 0.906779661,
      "r": 0.9553571429,
      "f": 0.9304347826
    },
    "Poss": {
      "p": 1.0,
      "r": 1.0,
      "f": 1.0
    },
    "Polarity": {
      "p": 0.9882352941,
      "r": 0.9882352941,
      "f": 0.9882352941
    }
  },
  "sents_p": 0.8819277108,
  "sents_r": 0.8946497306,
  "sents_f": 0.8851269649,
  "dep_uas": 0.8947398877,
  "dep_las": 0.8562998959,
  "dep_las_per_type": {
    "det": {
      "p": 0.9790153349,
      "r": 0.9790153349,
      "f": 0.9790153349
    },
    "nsubj": {
      "p": 0.8663484487,
      "r": 0.8746987952,
      "f": 0.8705035971
    },
    "aux:tense": {
      "p": 0.952,
      "r": 0.952,
      "f": 0.952
    },
    "root": {
      "p": 0.8671497585,
      "r": 0.8713592233,
      "f": 0.8692493947
    },
    "obj": {
      "p": 0.8450292398,
      "r": 0.8575667656,
      "f": 0.8512518409
    },
    "cc": {
      "p": 0.8858447489,
      "r": 0.8940092166,
      "f": 0.8899082569
    },
    "case": {
      "p": 0.9687712152,
      "r": 0.9720708447,
      "f": 0.9704182251
    },
    "obl:mod": {
      "p": 0.6698412698,
      "r": 0.6298507463,
      "f": 0.6492307692
    },
    "nmod": {
      "p": 0.812319538,
      "r": 0.8431568432,
      "f": 0.8274509804
    },
    "conj": {
      "p": 0.5533596838,
      "r": 0.5511811024,
      "f": 0.5522682446
    },
    "nummod": {
      "p": 0.9141104294,
      "r": 0.8816568047,
      "f": 0.8975903614
    },
    "amod": {
      "p": 0.9189686924,
      "r": 0.9089253188,
      "f": 0.9139194139
    },
    "acl": {
      "p": 0.7100591716,
      "r": 0.6936416185,
      "f": 0.701754386
    },
    "mark": {
      "p": 0.8883928571,
      "r": 0.8766519824,
      "f": 0.8824833703
    },
    "xcomp": {
      "p": 0.8620689655,
      "r": 0.8278145695,
      "f": 0.8445945946
    },
    "flat:name": {
      "p": 0.8952380952,
      "r": 0.8952380952,
      "f": 0.8952380952
    },
    "cop": {
      "p": 0.8681318681,
      "r": 0.8777777778,
      "f": 0.8729281768
    },
    "advmod": {
      "p": 0.8553054662,
      "r": 0.8338557994,
      "f": 0.8444444444
    },
    "obl:arg": {
      "p": 0.6772727273,
      "r": 0.6772727273,
      "f": 0.6772727273
    },
    "appos": {
      "p": 0.5227272727,
      "r": 0.5542168675,
      "f": 0.5380116959
    },
    "nsubj:pass": {
      "p": 0.8604651163,
      "r": 0.8705882353,
      "f": 0.865497076
    },
    "aux:pass": {
      "p": 0.9557522124,
      "r": 0.9642857143,
      "f": 0.96
    },
    "acl:relcl": {
      "p": 0.6329113924,
      "r": 0.5813953488,
      "f": 0.6060606061
    },
    "advcl": {
      "p": 0.4756097561,
      "r": 0.5,
      "f": 0.4875
    },
    "fixed": {
      "p": 0.8202247191,
      "r": 0.73,
      "f": 0.7724867725
    },
    "dep": {
      "p": 0.25,
      "r": 0.4827586207,
      "f": 0.3294117647
    },
    "expl:subj": {
      "p": 0.7647058824,
      "r": 0.8125,
      "f": 0.7878787879
    },
    "expl:comp": {
      "p": 0.6666666667,
      "r": 0.9333333333,
      "f": 0.7777777778
    },
    "expl:pass": {
      "p": 0.4,
      "r": 0.2857142857,
      "f": 0.3333333333
    },
    "ccomp": {
      "p": 0.7037037037,
      "r": 0.7450980392,
      "f": 0.7238095238
    },
    "parataxis": {
      "p": 0.6875,
      "r": 0.3928571429,
      "f": 0.5
    },
    "iobj": {
      "p": 0.7857142857,
      "r": 0.44,
      "f": 0.5641025641
    },
    "obl:agent": {
      "p": 0.8974358974,
      "r": 0.8333333333,
      "f": 0.8641975309
    },
    "nsubj:caus": {
      "p": 0.0,
      "r": 0.0,
      "f": 0.0
    },
    "aux:caus": {
      "p": 0.0,
      "r": 0.0,
      "f": 0.0
    },
    "obj:agent": {
      "p": 0.0,
      "r": 0.0,
      "f": 0.0
    },
    "goeswith": {
      "p": 0.0,
      "r": 0.0,
      "f": 0.0
    },
    "vocative": {
      "p": 1.0,
      "r": 0.625,
      "f": 0.7692307692
    },
    "dislocated": {
      "p": 0.0,
      "r": 0.0,
      "f": 0.0
    },
    "flat:foreign": {
      "p": 1.0,
      "r": 0.2857142857,
      "f": 0.4444444444
    },
    "orphan": {
      "p": 0.0,
      "r": 0.0,
      "f": 0.0
    },
    "advcl:cleft": {
      "p": 0.0,
      "r": 0.0,
      "f": 0.0
    },
    "csubj": {
      "p": 0.0,
      "r": 0.0,
      "f": 0.0
    }
  },
  "tag_acc": 0.9450741962,
  "lemma_acc": 0.9134812988,
  "ents_p": 0.8317031703,
  "ents_r": 0.8322525119,
  "ents_f": 0.8319777504,
  "ents_per_type": {
    "PER": {
      "p": 0.8970691842,
      "r": 0.9123020706,
      "f": 0.9046215055
    },
    "LOC": {
      "p": 0.8359820952,
      "r": 0.8515435456,
      "f": 0.8436910707
    },
    "ORG": {
      "p": 0.767491717,
      "r": 0.7515267176,
      "f": 0.7594253206
    },
    "MISC": {
      "p": 0.7205253996,
      "r": 0.6637993877,
      "f": 0.6910001518
    }
  },
  "speed": 3829.6929086605
}