{
  "token_acc": 0.99996168,
  "token_p": 0.9989078786,
  "token_r": 0.9995398685,
  "token_f": 0.9992237736,
  "pos_acc": 0.9848174063,
  "morph_acc": 0.9802342746,
  "morph_micro_p": 0.994266608,
  "morph_micro_r": 0.9885470727,
  "morph_micro_f": 0.9913985912,
  "morph_per_feat": {
    "Definite": {
      "p": 0.9987161198,
      "r": 0.9987161198,
      "f": 0.9987161198
    },
    "Gender": {
      "p": 0.9958625746,
      "r": 0.9879461734,
      "f": 0.9918885788
    },
    "Number": {
      "p": 0.9982167778,
      "r": 0.9906894429,
      "f": 0.9944388661
    },
    "PronType": {
      "p": 0.9979832901,
      "r": 0.9925501433,
      "f": 0.9952593018
    },
    "PunctType": {
      "p": 0.9995216074,
      "r": 0.9992029332,
      "f": 0.9993622449
    },
    "VerbForm": {
      "p": 0.9901362142,
      "r": 0.988125,
      "f": 0.9891295847
    },
    "Mood": {
      "p": 0.9800049988,
      "r": 0.9746457867,
      "f": 0.9773180459
    },
    "Person": {
      "p": 0.9905445631,
      "r": 0.9846823325,
      "f": 0.9876047486
    },
    "Tense": {
      "p": 0.983074108,
      "r": 0.9794895169,
      "f": 0.9812785388
    },
    "NumForm": {
      "p": 0.9851729819,
      "r": 0.9692058347,
      "f": 0.977124183
    },
    "NumType": {
      "p": 0.9811804962,
      "r": 0.9646761985,
      "f": 0.9728583545
    },
    "Poss": {
      "p": 1.0,
      "r": 0.9963436929,
      "f": 0.9981684982
    },
    "PunctSide": {
      "p": 1.0,
      "r": 0.998,
      "f": 0.998998999
    },
    "Case": {
      "p": 0.9402079723,
      "r": 0.9385813149,
      "f": 0.9393939394
    },
    "PrepCase": {
      "p": 0.9979101358,
      "r": 0.9886128364,
      "f": 0.9932397296
    },
    "Reflex": {
      "p": 0.9903846154,
      "r": 0.9935691318,
      "f": 0.9919743178
    },
    "Degree": {
      "p": 0.9889705882,
      "r": 0.9572953737,
      "f": 0.972875226
    },
    "Polarity": {
      "p": 1.0,
      "r": 0.9935064935,
      "f": 0.996742671
    },
    "AdvType": {
      "p": 0.9615384615,
      "r": 0.9308510638,
      "f": 0.9459459459
    },
    "Number[psor]": {
      "p": 1.0,
      "r": 1.0,
      "f": 1.0
    },
    "Foreign": {
      "p": 1.0,
      "r": 1.0,
      "f": 1.0
    }
  },
  "sents_p": 0.9839956281,
  "sents_r": 0.9921284635,
  "sents_f": 0.9880453102,
  "dep_uas": 0.9125758682,
  "dep_las": 0.8800383563,
  "dep_las_per_type": {
    "det": {
      "p": 0.9768883878,
      "r": 0.9807583475,
      "f": 0.9788195425
    },
    "nsubj": {
      "p": 0.8937890481,
      "r": 0.8895391368,
      "f": 0.8916590284
    },
    "case": {
      "p": 0.9611141012,
      "r": 0.9629280129,
      "f": 0.962020202
    },
    "amod": {
      "p": 0.9225105189,
      "r": 0.9157674904,
      "f": 0.9191266376
    },
    "nmod": {
      "p": 0.8390774125,
      "r": 0.8379666402,
      "f": 0.8385216585
    },
    "mark": {
      "p": 0.9022515102,
      "r": 0.9148106904,
      "f": 0.908487697
    },
    "acl": {
      "p": 0.757018393,
      "r": 0.7447619048,
      "f": 0.7508401344
    },
    "advcl": {
      "p": 0.6035087719,
      "r": 0.6362515413,
      "f": 0.6194477791
    },
    "nummod": {
      "p": 0.9,
      "r": 0.8888888889,
      "f": 0.8944099379
    },
    "obj": {
      "p": 0.8242046573,
      "r": 0.836551265,
      "f": 0.8303320667
    },
    "obl": {
      "p": 0.7320738514,
      "r": 0.7358653431,
      "f": 0.7339647008
    },
    "fixed": {
      "p": 0.8537931034,
      "r": 0.8331090175,
      "f": 0.8433242507
    },
    "cc": {
      "p": 0.9256710255,
      "r": 0.9243986254,
      "f": 0.9250343879
    },
    "conj": {
      "p": 0.6967741935,
      "r": 0.6892150606,
      "f": 0.6929740135
    },
    "root": {
      "p": 0.915720263,
      "r": 0.9262394196,
      "f": 0.9209498046
    },
    "flat": {
      "p": 0.8956965718,
      "r": 0.9226145755,
      "f": 0.9089563286
    },
    "xcomp": {
      "p": 0.8298429319,
      "r": 0.7788697789,
      "f": 0.8035487959
    },
    "advmod": {
      "p": 0.8578767123,
      "r": 0.8472378805,
      "f": 0.8525241066
    },
    "compound": {
      "p": 0.8571428571,
      "r": 0.7469879518,
      "f": 0.7982832618
    },
    "expl:pv": {
      "p": 0.8152610442,
      "r": 0.7777777778,
      "f": 0.7960784314
    },
    "cop": {
      "p": 0.8976545842,
      "r": 0.9034334764,
      "f": 0.9005347594
    },
    "ccomp": {
      "p": 0.8292682927,
      "r": 0.8292682927,
      "f": 0.8292682927
    },
    "iobj": {
      "p": 0.7551020408,
      "r": 0.552238806,
      "f": 0.6379310345
    },
    "aux": {
      "p": 0.9572649573,
      "r": 0.9559032717,
      "f": 0.9565836299
    },
    "appos": {
      "p": 0.6621067031,
      "r": 0.6750348675,
      "f": 0.6685082873
    },
    "expl:pass": {
      "p": 0.7123287671,
      "r": 0.8432432432,
      "f": 0.7722772277
    },
    "csubj": {
      "p": 0.7395833333,
      "r": 0.7473684211,
      "f": 0.7434554974
    },
    "parataxis": {
      "p": 0.66,
      "r": 0.3928571429,
      "f": 0.4925373134
    },
    "expl:impers": {
      "p": 0.6,
      "r": 0.75,
      "f": 0.6666666667
    },
    "orphan": {
      "p": 0.0,
      "r": 0.0,
      "f": 0.0
    },
    "dep": {
      "p": 0.0,
      "r": 0.0,
      "f": 0.0
    },
    "nsubj:pass": {
      "p": 0.0,
      "r": 0.0,
      "f": 0.0
    },
    "aux:pass": {
      "p": 0.0,
      "r": 0.0,
      "f": 0.0
    },
    "acl:relcl": {
      "p": 0.0,
      "r": 0.0,
      "f": 0.0
    }
  },
  "tag_acc": 0.9610850187,
  "lemma_acc": 0.964971968,
  "ents_p": 0.8925237438,
  "ents_r": 0.8951031872,
  "ents_f": 0.8938116045,
  "ents_per_type": {
    "LOC": {
      "p": 0.8916384688,
      "r": 0.9037603306,
      "f": 0.8976584785
    },
    "PER": {
      "p": 0.9366964098,
      "r": 0.950520462,
      "f": 0.9435578046
    },
    "MISC": {
      "p": 0.8293838863,
      "r": 0.7977511017,
      "f": 0.8132600108
    },
    "ORG": {
      "p": 0.8429732314,
      "r": 0.815114398,
      "f": 0.8288097756
    }
  },
  "speed": 8100.6553926426
}